trial,target_kmh,speed_kmh,cmd,t,fl,fr
standstill,0,0.0,0,1.0,0.0,0.0
standstill,0,0.0,0.1,1.0,6.557621002197266,6.999999523162842
standstill,0,0.0,0.2,1.0,12.354536056518555,13.999999046325684
standstill,0,0.0,0.3,1.0,17.561107635498047,21.0
standstill,0,0.0,0.4,1.0,22.322912216186523,27.999998092651367
standstill,0,0.0,0.5,1.0,26.762367248535156,34.999996185302734
standstill,0,0.0,0.6,1.0,30.983535766601562,42.0
standstill,0,0.0,0.7,1.0,35.077632904052734,48.999996185302734
standstill,0,0.0,0.8,1.0,39.12828826904297,55.999996185302734
standstill,0,0.0,0.9,1.0,43.21653366088867,62.999996185302734
standstill,0,0.0,1.0,1.0,47.425662994384766,69.99999237060547
standstill,0,0.0,-0.5,1.0,-34.999996185302734,-26.762367248535156
standstill,0,0.0,-1.0,1.0,-69.99999237060547,-47.425662994384766
speed,10,10.9,0.2,0.05,7.663403511047363,8.273333549499512
speed,10,10.77,0.2,0.1,11.761895179748535,13.246733665466309
speed,10,10.65,0.2,0.15,11.771153450012207,13.258434295654297
speed,10,10.47,0.2,0.2,11.779386520385742,13.268841743469238
speed,10,10.3,0.2,0.25,11.790448188781738,13.282824516296387
speed,10,10.09,0.2,0.3,11.80016803741455,13.29511547088623
speed,10,9.91,0.2,0.35,11.812054634094238,13.310149192810059
speed,10,9.64,0.2,0.4,11.82513427734375,13.32669448852539
speed,10,9.6,0.2,0.45,11.831477165222168,13.334720611572266
speed,10,9.73,0.2,0.5,11.824423789978027,13.325796127319336
speed,10,10.98,0.5,0.05,7.660104751586914,8.269492149353027
speed,10,10.82,0.5,0.1,14.314241409301758,16.55381965637207
speed,10,10.57,0.5,0.15,20.2440242767334,24.875410079956055
speed,10,10.25,0.5,0.2,25.673961639404297,33.24550247192383
speed,10,10.02,0.5,0.25,25.713109970092773,33.30820083618164
speed,10,9.84,0.5,0.3,25.73590660095215,33.3447265625
speed,10,9.6,0.5,0.35,25.75950050354004,33.382537841796875
speed,10,9.57,0.5,0.4,25.771093368530273,33.401123046875
speed,10,9.7,0.5,0.45,25.757469177246094,33.37928771972656
speed,10,9.99,0.5,0.5,25.731971740722656,33.33842086791992
speed,20,18.58,0.2,0.05,7.374639511108398,7.938080310821533
speed,20,18.29,0.2,0.1,11.339648246765137,12.715388298034668
speed,20,18.27,0.2,0.15,11.35106372833252,12.729694366455078
speed,20,18.22,0.2,0.2,11.347856521606445,12.725675582885742
speed,20,18.39,0.2,0.25,11.34765338897705,12.725420951843262
speed,20,18.45,0.2,0.3,11.336362838745117,12.711271286010742
speed,20,18.72,0.2,0.35,11.330452919006348,12.703866004943848
speed,20,18.85,0.2,0.4,11.315108299255371,12.68464469909668
speed,20,19.16,0.2,0.45,11.306221008300781,12.67351245880127
speed,20,19.33,0.2,0.5,11.288819313049316,12.651724815368652
speed,20,18.59,0.5,0.05,7.374460697174072,7.937872886657715
speed,20,18.27,0.5,0.1,13.816814422607422,15.896385192871094
speed,20,18.27,0.5,0.15,19.574739456176758,23.891817092895508
speed,20,18.55,0.5,0.2,24.768783569335938,31.8045654296875
speed,20,18.67,0.5,0.25,24.784000396728516,31.828645706176758
speed,20,18.76,0.5,0.3,24.739337921142578,31.757980346679688
speed,20,19.27,0.5,0.35,24.76687240600586,31.80154037475586
speed,20,19.1,0.5,0.4,24.703157424926758,31.700763702392578
speed,20,19.54,0.5,0.45,24.719472885131836,31.7265625
speed,20,19.42,0.5,0.5,24.665912628173828,31.641891479492188
speed,30,29.47,0.2,0.05,7.144406318664551,7.672171592712402
speed,30,29.96,0.2,0.1,10.970616340637207,12.254630088806152
speed,30,30.41,0.2,0.15,10.96048641204834,12.242030143737793
speed,30,30.66,0.2,0.2,10.950095176696777,12.229105949401855
speed,30,30.72,0.2,0.25,10.94944953918457,12.228302955627441
speed,30,30.47,0.2,0.3,10.952621459960938,12.232248306274414
speed,30,30.19,0.2,0.35,10.962835311889648,12.244951248168945
speed,30,29.7,0.2,0.4,10.973082542419434,12.257698059082031
speed,30,29.29,0.2,0.45,10.987863540649414,12.276089668273926
speed,30,28.85,0.2,0.5,10.997831344604492,12.288495063781738
speed,30,29.5,0.5,0.05,7.14384126663208,7.671521186828613
speed,30,29.95,0.5,0.1,13.376042366027832,15.319071769714355
speed,30,30.15,0.5,0.15,18.938634872436523,22.967294692993164
speed,30,30.06,0.5,0.2,24.027482986450195,30.637420654296875
speed,30,29.69,0.5,0.25,24.049074172973633,30.671245574951172
speed,30,29.26,0.5,0.3,24.07596206665039,30.7133846282959
speed,30,28.92,0.5,0.35,24.09784698486328,30.747695922851562
speed,30,28.66,0.5,0.4,24.113021850585938,30.7714900970459
speed,30,28.54,0.5,0.45,24.12276840209961,30.786779403686523
speed,30,28.4,0.5,0.5,24.128320693969727,30.795486450195312
speed,40,39.41,0.2,0.05,6.952390670776367,7.451342582702637
speed,40,39.49,0.2,0.1,10.70035457611084,11.919325828552246
speed,40,39.57,0.2,0.15,10.698787689208984,11.91738510131836
speed,40,39.61,0.2,0.2,10.696828842163086,11.914961814880371
speed,40,39.68,0.2,0.25,10.696220397949219,11.91421127319336
speed,40,39.69,0.2,0.3,10.694313049316406,11.911850929260254
speed,40,39.76,0.2,0.35,10.693881034851074,11.91131591796875
speed,40,39.77,0.2,0.4,10.691940307617188,11.908914566040039
speed,40,39.84,0.2,0.45,10.691526412963867,11.908402442932129
speed,40,39.85,0.2,0.5,10.689618110656738,11.90604305267334
speed,40,39.41,0.5,0.05,6.952368259429932,7.451315879821777
speed,40,39.45,0.5,0.1,13.054083824157715,14.90048885345459
speed,40,39.21,0.5,0.15,18.520490646362305,22.36507225036621
speed,40,38.76,0.5,0.2,23.53183937072754,29.863759994506836
speed,40,38.29,0.5,0.25,23.56174659729004,29.910287857055664
speed,40,37.94,0.5,0.3,23.584373474121094,29.945505142211914
speed,40,37.65,0.5,0.35,23.601375579833984,29.971975326538086
speed,40,37.39,0.5,0.4,23.615787506103516,29.994415283203125
speed,40,37.16,0.5,0.45,23.62938117980957,30.015583038330078
speed,40,37.1,0.5,0.5,23.631235122680664,30.018474578857422
speed,60,59.13,0.2,0.05,6.574585914611816,7.019322872161865
speed,60,59.04,0.2,0.1,10.142865180969238,11.233336448669434
speed,60,58.89,0.2,0.15,10.14683723449707,11.238197326660156
speed,60,58.73,0.2,0.2,10.151325225830078,11.24368953704834
speed,60,58.52,0.2,0.25,10.156769752502441,11.25035285949707
speed,60,58.28,0.2,0.3,10.16329574584961,11.258341789245605
speed,60,58.01,0.2,0.35,10.170820236206055,11.267555236816406
speed,60,57.72,0.2,0.4,10.17917251586914,11.277780532836914
speed,60,57.41,0.2,0.45,10.188150405883789,11.288775444030762
speed,60,57.08,0.2,0.5,10.19757080078125,11.300314903259277
speed,60,59.13,0.5,0.05,6.574583053588867,7.019319534301758
speed,60,58.98,0.5,0.1,12.388259887695312,14.043128967285156
speed,60,58.52,0.5,0.15,17.62618064880371,21.091856002807617
speed,60,57.76,0.5,0.2,22.443347930908203,28.184160232543945
speed,60,56.9,0.5,0.25,22.4915714263916,28.257993698120117
speed,60,56.03,0.5,0.3,22.540210723876953,28.332523345947266
speed,60,55.12,0.5,0.35,22.591171264648438,28.41066551208496
speed,60,54.16,0.5,0.4,22.645484924316406,28.494016647338867
speed,60,52.56,0.5,0.45,22.745975494384766,28.64840316772461
speed,60,51.97,0.5,0.5,22.779396057128906,28.69980812072754
speed,80,79.15,0.2,0.05,6.3117570877075195,6.720705986022949
speed,80,78.93,0.2,0.1,9.752134323120117,10.75706958770752
speed,80,78.63,0.2,0.15,9.757719993591309,10.763850212097168
speed,80,78.24,0.2,0.2,9.764780044555664,10.772425651550293
speed,80,77.78,0.2,0.25,9.773629188537598,10.783172607421875
speed,80,77.25,0.2,0.3,9.784351348876953,10.796197891235352
speed,80,76.63,0.2,0.35,9.796850204467773,10.811386108398438
speed,80,75.95,0.2,0.4,9.810933113098145,10.828502655029297
speed,80,75.21,0.2,0.45,9.826354026794434,10.847250938415527
speed,80,74.56,0.2,0.5,9.842310905456543,10.866656303405762
speed,80,79.15,0.5,0.05,6.311764240264893,6.7207136154174805
speed,80,78.88,0.5,0.1,11.920377731323242,13.447309494018555
speed,80,78.26,0.5,0.15,16.987560272216797,20.19506072998047
speed,80,77.29,0.5,0.2,21.651071548461914,26.978904724121094
speed,80,76.16,0.5,0.25,21.694475173950195,27.0445499420166
speed,80,74.93,0.5,0.3,21.743432998657227,27.1186466217041
speed,80,73.59,0.5,0.35,21.79915428161621,27.203048706054688
speed,80,72.14,0.5,0.4,21.861892700195312,27.29817008972168
speed,80,70.81,0.5,0.45,21.931297302246094,27.403507232666016
speed,80,69.88,0.5,0.5,21.980249404907227,27.47787094116211
